-- test data
-- 텐트/타프/쉘터
insert into category(category_no,category_name,detail_category_name)
values(category_seq.nextval,'텐트/타프/쉘터','거실형/2룸 텐트');
insert into category(category_no,category_name,detail_category_name)
values(category_seq.nextval,'텐트/타프/쉘터','돔형 텐트');
insert into category(category_no,category_name,detail_category_name)
values(category_seq.nextval,'텐트/타프/쉘터','터널형 텐트');
insert into category(category_no,category_name,detail_category_name)
values(category_seq.nextval,'텐트/타프/쉘터','티피 텐트');
insert into category(category_no,category_name,detail_category_name)
values(category_seq.nextval,'텐트/타프/쉘터','백패킹 텐트');
insert into category(category_no,category_name,detail_category_name)
values(category_seq.nextval,'텐트/타프/쉘터','쉘터');
insert into category(category_no,category_name,detail_category_name)
values(category_seq.nextval,'텐트/타프/쉘터','면 텐트');
insert into category(category_no,category_name,detail_category_name)
values(category_seq.nextval,'텐트/타프/쉘터','메쉬/이너텐트');
insert into category(category_no,category_name,detail_category_name)
values(category_seq.nextval,'텐트/타프/쉘터','타프/그늘막');
insert into category(category_no,category_name,detail_category_name)
values(category_seq.nextval,'텐트/타프/쉘터','그라운드시트');
insert into category(category_no,category_name,detail_category_name)
values(category_seq.nextval,'텐트/타프/쉘터','윈드스크린');
insert into category(category_no,category_name,detail_category_name)
values(category_seq.nextval,'텐트/타프/쉘터','폴/펙/스트링');
insert into category(category_no,category_name,detail_category_name)
values(category_seq.nextval,'텐트/타프/쉘터','텐트/타프용 소품');

-- 침구/매트
insert into category(category_no,category_name,detail_category_name)
values(category_seq.nextval,'침구/매트','침낭');
insert into category(category_no,category_name,detail_category_name)
values(category_seq.nextval,'침구/매트','자충/에어 매트');
insert into category(category_no,category_name,detail_category_name)
values(category_seq.nextval,'침구/매트','이너 매트/패브릭 매트');
insert into category(category_no,category_name,detail_category_name)
values(category_seq.nextval,'침구/매트','판초/입는 침낭');
insert into category(category_no,category_name,detail_category_name)
values(category_seq.nextval,'침구/매트','블랭킷/러그');
insert into category(category_no,category_name,detail_category_name)
values(category_seq.nextval,'침구/매트','해먹');
insert into category(category_no,category_name,detail_category_name)
values(category_seq.nextval,'침구/매트','베개/쿠션/방석');
insert into category(category_no,category_name,detail_category_name)
values(category_seq.nextval,'침구/매트','야전침대');
insert into category(category_no,category_name,detail_category_name)
values(category_seq.nextval,'침구/매트','전기요');

-- 테이블/체어/베드
insert into category(category_no,category_name,detail_category_name)
values(category_seq.nextval,'테이블/체어/베드','크고 편한 의자');
insert into category(category_no,category_name,detail_category_name)
values(category_seq.nextval,'테이블/체어/베드','작고 가벼운 의자');
insert into category(category_no,category_name,detail_category_name)
values(category_seq.nextval,'테이블/체어/베드','큰 테이블');
insert into category(category_no,category_name,detail_category_name)
values(category_seq.nextval,'테이블/체어/베드','작은 테이블');
insert into category(category_no,category_name,detail_category_name)
values(category_seq.nextval,'테이블/체어/베드','키친 테이블');
insert into category(category_no,category_name,detail_category_name)
values(category_seq.nextval,'테이블/체어/베드','IGT 테이블');
insert into category(category_no,category_name,detail_category_name)
values(category_seq.nextval,'테이블/체어/베드','화로/난로 테이블');
insert into category(category_no,category_name,detail_category_name)
values(category_seq.nextval,'테이블/체어/베드','랙소토/야전침대');
insert into category(category_no,category_name,detail_category_name)
values(category_seq.nextval,'테이블/체어/베드','쉘프/행어/선반');
insert into category(category_no,category_name,detail_category_name)
values(category_seq.nextval,'테이블/체어/베드','웨건/박스/수납');
insert into category(category_no,category_name,detail_category_name)
values(category_seq.nextval,'테이블/체어/베드','기타 용품');

-- 키친
insert into category(category_no,category_name,detail_category_name)
values(category_seq.nextval,'키친','컵/잔/시에라');
insert into category(category_no,category_name,detail_category_name)
values(category_seq.nextval,'키친','코펠/쿠커/그리들');
insert into category(category_no,category_name,detail_category_name)
values(category_seq.nextval,'키친','식기/주전자');
insert into category(category_no,category_name,detail_category_name)
values(category_seq.nextval,'키친','물통/물병/워터저그');
insert into category(category_no,category_name,detail_category_name)
values(category_seq.nextval,'키친','수저/조리도구/양념통');
insert into category(category_no,category_name,detail_category_name)
values(category_seq.nextval,'키친','우드플레이트/도마');
insert into category(category_no,category_name,detail_category_name)
values(category_seq.nextval,'키친','쿨러/아이스박스');
insert into category(category_no,category_name,detail_category_name)
values(category_seq.nextval,'키친','커피메이커');
insert into category(category_no,category_name,detail_category_name)
values(category_seq.nextval,'키친','설거지 용품');
insert into category(category_no,category_name,detail_category_name)
values(category_seq.nextval,'키친','키친 소품');

-- 스토브/버너/난로
insert into category(category_no,category_name,detail_category_name)
values(category_seq.nextval,'스토브/버너/난로','가스 스토브');
insert into category(category_no,category_name,detail_category_name)
values(category_seq.nextval,'스토브/버너/난로','액체 스토브');
insert into category(category_no,category_name,detail_category_name)
values(category_seq.nextval,'스토브/버너/난로','우드 스토브');
insert into category(category_no,category_name,detail_category_name)
values(category_seq.nextval,'스토브/버너/난로','스토브 용품');
insert into category(category_no,category_name,detail_category_name)
values(category_seq.nextval,'스토브/버너/난로','등유난로');
insert into category(category_no,category_name,detail_category_name)
values(category_seq.nextval,'스토브/버너/난로','화목난로');
insert into category(category_no,category_name,detail_category_name)
values(category_seq.nextval,'스토브/버너/난로','가스히터');
insert into category(category_no,category_name,detail_category_name)
values(category_seq.nextval,'스토브/버너/난로','난로 액세서리');
insert into category(category_no,category_name,detail_category_name)
values(category_seq.nextval,'스토브/버너/난로','연통');
insert into category(category_no,category_name,detail_category_name)
values(category_seq.nextval,'스토브/버너/난로','연료');

-- 랜턴
insert into category(category_no,category_name,detail_category_name)
values(category_seq.nextval,'랜턴','전기/배터리 랜턴');
insert into category(category_no,category_name,detail_category_name)
values(category_seq.nextval,'랜턴','가스/오일/캔들 랜턴');
insert into category(category_no,category_name,detail_category_name)
values(category_seq.nextval,'랜턴','헤드 랜턴');
insert into category(category_no,category_name,detail_category_name)
values(category_seq.nextval,'랜턴','랜턴 액세서리');
insert into category(category_no,category_name,detail_category_name)
values(category_seq.nextval,'랜턴','가스 워머');
insert into category(category_no,category_name,detail_category_name)
values(category_seq.nextval,'랜턴','연료');

-- 화로/BBQ
insert into category(category_no,category_name,detail_category_name)
values(category_seq.nextval,'화로/BBQ','화로대');
insert into category(category_no,category_name,detail_category_name)
values(category_seq.nextval,'화로/BBQ','화로대 용품');
insert into category(category_no,category_name,detail_category_name)
values(category_seq.nextval,'화로/BBQ','더치오븐/스킬렛');
insert into category(category_no,category_name,detail_category_name)
values(category_seq.nextval,'화로/BBQ','그릴/석쇠');
insert into category(category_no,category_name,detail_category_name)
values(category_seq.nextval,'화로/BBQ','BBQ 용품');
insert into category(category_no,category_name,detail_category_name)
values(category_seq.nextval,'화로/BBQ','장작/숯/펠렛');

-- 액세서리
insert into category(category_no,category_name,detail_category_name)
values(category_seq.nextval,'액세서리','수납가방');
insert into category(category_no,category_name,detail_category_name)
values(category_seq.nextval,'액세서리','배낭/백팩');
insert into category(category_no,category_name,detail_category_name)
values(category_seq.nextval,'액세서리','선풍기/서큘레이터');
insert into category(category_no,category_name,detail_category_name)
values(category_seq.nextval,'액세서리','온풍기/가습기');
insert into category(category_no,category_name,detail_category_name)
values(category_seq.nextval,'액세서리','전기릴선/멀티탭');
insert into category(category_no,category_name,detail_category_name)
values(category_seq.nextval,'액세서리','나이프/연장/공구류');
insert into category(category_no,category_name,detail_category_name)
values(category_seq.nextval,'액세서리','방염/내열 용품');
insert into category(category_no,category_name,detail_category_name)
values(category_seq.nextval,'액세서리','소방/안전 용품');
insert into category(category_no,category_name,detail_category_name)
values(category_seq.nextval,'액세서리','데코/장식 용품');
insert into category(category_no,category_name,detail_category_name)
values(category_seq.nextval,'액세서리','가스워머');
insert into category(category_no,category_name,detail_category_name)
values(category_seq.nextval,'액세서리','패션ACC');
insert into category(category_no,category_name,detail_category_name)
values(category_seq.nextval,'액세서리','기타 용품');

commit

insert into seller(seller_id,seller_name,seller_password,business_number,seller_email,brand,logo_img,logo_img_stored,seller_tel,seller_post_number,seller_address,seller_detailed_address,register_admin)
values('snowpeak','스노우피크 판매자이름','a','스노우피크 사업자번호','snowpeak@naver.com','스노우피크(Snowpeak)','스노우피크 logo_img','스노우피크 logo_img_stored','스노우피크 tel','스노우피크 주소','스노우피크 상세주소','스노우피크 우편번호',1);

insert into seller(seller_id,seller_name,seller_password,business_number,seller_email,brand,logo_img,logo_img_stored,seller_tel,seller_post_number,seller_address,seller_detailed_address,register_admin)
values('montbell','몽벨 판매자이름','a','몽벨 사업자번호','montbell@naver.com','몽벨(Montbell)','몽벨 logo_img','몽벨 logo_img_stored','몽벨 tel','몽벨 주소','몽벨 상세주소','몽벨 우편번호',1);

insert into seller(seller_id,seller_name,seller_password,business_number,seller_email,brand,logo_img,logo_img_stored,seller_tel,seller_post_number,seller_address,seller_detailed_address,register_admin)
values('coleman','콜맨 판매자이름','a','콜맨 사업자번호','coleman@naver.com','콜맨(Coleman)','콜맨 logo_img','콜맨 logo_img_stored','콜맨 tel','콜맨 주소','콜맨 상세주소','콜맨 우편번호',1);

insert into seller(seller_id,seller_name,seller_password,business_number,seller_email,brand,logo_img,logo_img_stored,seller_tel,seller_post_number,seller_address,seller_detailed_address,register_admin)
values('durango','듀랑고 판매자이름','a','듀랑고 사업자번호','durango@naver.com','듀랑고(durango)','듀랑고 logo_img','듀랑고 logo_img_stored','듀랑고 tel','듀랑고 주소','듀랑고 상세주소','듀랑고 우편번호',1);

insert into seller(seller_id,seller_name,seller_password,business_number,seller_email,brand,logo_img,logo_img_stored,seller_tel,seller_post_number,seller_address,seller_detailed_address,register_admin)
values('minimalworks','미니멀웍스 판매자이름','a','미니멀웍스 사업자번호','minimalworks@naver.com','미니멀웍스(minimalworks)','미니멀웍스 logo_img','미니멀웍스 logo_img_stored','미니멀웍스 tel','미니멀웍스 주소','미니멀웍스 상세주소','미니멀웍스 우편번호',1);

insert into seller(seller_id,seller_name,seller_password,business_number,seller_email,brand,logo_img,logo_img_stored,seller_tel,seller_post_number,seller_address,seller_detailed_address,register_admin)
values('helinox','헬리녹스 판매자이름','a','헬리녹스 사업자번호','helinox@naver.com','헬리녹스(helinox)','헬리녹스 logo_img','헬리녹스 logo_img_stored','헬리녹스 tel','헬리녹스 주소','헬리녹스 상세주소','헬리녹스 우편번호',1);

insert into seller(seller_id,seller_name,seller_password,business_number,seller_email,brand,logo_img,logo_img_stored,seller_tel,seller_post_number,seller_address,seller_detailed_address,register_admin)
values('bulmeng','불멍 판매자이름','a','불멍 사업자번호','bulmeng@naver.com','불멍(bulmeng)','불멍 logo_img','불멍 logo_img_stored','불멍 tel','불멍 주소','불멍 상세주소','불멍 우편번호',1);

insert into seller(seller_id,seller_name,seller_password,business_number,seller_email,brand,logo_img,logo_img_stored,seller_tel,seller_post_number,seller_address,seller_detailed_address,register_admin)
values('monterra','몬테라 판매자이름','a','몬테라 사업자번호','monterra@naver.com','몬테라(monterra)','몬테라 logo_img','몬테라 logo_img_stored','몬테라 tel','몬테라 주소','몬테라 상세주소','몬테라 우편번호',1);

commit

-- product insert
-- coleman 콜맨
insert into product(product_id,product_name,price,product_info,stock,product_img,product_img_stored,seller_id,category_no)
values(product_seq.nextval,'캔버스 로우 체어', 117000,'팔걸이가 없는 코튼 캔버스 원단의 로우체어', 50,'http://camp18.cafe24.com//web/product/main/COLEMAN/2000037442_1000.jpg','http://camp18.cafe24.com//web/product/main/COLEMAN/2000037442_1000.jpg','coleman', 23);

insert into product(product_id,product_name,price,product_info,stock,product_img,product_img_stored,seller_id,category_no)
values(product_seq.nextval,'버터플라이 멀티 쉘프', 291000,'튼튼하고 가벼운 버터플라이테이블과 같은 소재, 필요한 물건을 바로 꺼내쓰기 편리한 오픈형 선반', 30,'http://camp18.cafe24.com//web/product/main/COLEMAN/2000037434_1000.jpg','http://camp18.cafe24.com//web/product/main/COLEMAN/2000037434_1000.jpg','coleman', 25);

insert into product(product_id,product_name,price,product_info,stock,product_img,product_img_stored,seller_id,category_no)
values(product_seq.nextval,'TC 파티 쉐이드 라이트/300 + 사이드 월', 408000,'사이드월이 포함된 자립식의 프레임의 탁 트인 오픈 쉐이드', 20,'http://camp18.cafe24.com//web/product/main/COLEMAN/2000038554_1000.jpg','http://camp18.cafe24.com//web/product/main/COLEMAN/2000038554_1000.jpg','coleman', 9);

insert into product(product_id,product_name,price,product_info,stock,product_img,product_img_stored,seller_id,category_no)
values(product_seq.nextval,'54QT 스틸 벨트 쿨러 (실버)', 327000,'2L PET병이 12개가 들어가는 54QT 용량', 30,'http://camp18.cafe24.com//web/product/main/COLEMAN/3000001343_1000.jpg','http://camp18.cafe24.com//web/product/main/COLEMAN/3000001343_1000.jpg','coleman', 42);

insert into product(product_id,product_name,price,product_info,stock,product_img,product_img_stored,seller_id,category_no)
values(product_seq.nextval,'포켓 EZ 쉐이드', 46000, '컴팩트한 사이즈의 쉐이드', 13,'http://camp18.cafe24.com//web/product/main/COLEMAN/2000038146_1000.jpg','http://camp18.cafe24.com//web/product/main/COLEMAN/2000038146_1000.jpg','coleman', 9);

insert into product(product_id,product_name,price,product_info,stock,product_img,product_img_stored,seller_id,category_no)
values(product_seq.nextval,'파이어 플레이스 테이블 골드', 233000, '모닥불을 감싸는 스타일리시한 디자인의 파이어플레이스 테이블 골드 한정판', 30,'http://camp18.cafe24.com//web/product/main/COLEMAN/2000038425_1000.jpg','http://camp18.cafe24.com//web/product/main/COLEMAN/2000038425_1000.jpg','coleman', 29);

insert into product(product_id,product_name,price,product_info,stock,product_img,product_img_stored,seller_id,category_no)
values(product_seq.nextval,'파이어 디스크 골드', 104000,'감각적인 디자인의 화로대 한정판 골드 색상', 30, 'http://camp18.cafe24.com//web/product/main/COLEMAN/2000038424_1000.jpg','http://camp18.cafe24.com//web/product/main/COLEMAN/2000038424_1000.jpg','coleman', 56);

insert into product(product_id,product_name,price,product_info,stock,product_img,product_img_stored,seller_id,category_no)
values(product_seq.nextval,'스퀘어 타프/L', 699000,'쾌적한 개방감으로 넓은 공간을 연출하는 마스터 시리즈의 대형 와이드 수퀘어 타프', 8,'http://camp18.cafe24.com//web/product/main/COLEMAN/C21C10200_1000.jpg','http://camp18.cafe24.com//web/product/main/COLEMAN/C21C10200_1000.jpg','coleman', 9);

insert into product(product_id,product_name,price,product_info,stock,product_img,product_img_stored,seller_id,category_no)
values(product_seq.nextval,'54QT 스틸 벨트 쿨러 (버터 너츠)', 315000,'3박4일 캠핑도 문제없는 우수한 보냉력', 50,'http://camp18.cafe24.com//web/product/main/COLEMAN/CB1C10200_1000.jpg','http://camp18.cafe24.com//web/product/main/COLEMAN/CB1C10200_1000.jpg','coleman', 42);

insert into product(product_id,product_name,price,product_info,stock,product_img,product_img_stored,seller_id,category_no)
values(product_seq.nextval,'터프 와이드 돔 V/300 스타트 패키지', 633000,'가족 단위까지 사용 가능한 5~6인용 돔텐트에 이너, 그라운드 시트가 포함된 신제품', 25,'http://camp18.cafe24.com//web/product/main/COLEMAN/2000038138_1000.jpg','http://camp18.cafe24.com//web/product/main/COLEMAN/2000038138_1000.jpg','coleman', 2);

insert into product(product_id,product_name,price,product_info,stock,product_img,product_img_stored,seller_id,category_no)
values(product_seq.nextval,'아웃도어 웨건 메쉬
', 174000,'젖어도 건조하기 쉬워 해변 등에서도 걱정없는 메쉬 소제 적용', 80,'http://camp18.cafe24.com//web/product/main/COLEMAN/2000037466_1000.jpg','http://camp18.cafe24.com//web/product/main/COLEMAN/2000037466_1000.jpg','coleman', 66);

insert into product(product_id,product_name,price,product_info,stock,product_img,product_img_stored,seller_id,category_no)
values(product_seq.nextval,'소프트 랜턴 케이스 II', 62000,'유리 글로브를 충격에서 보호 3층 구조의 보강판 적용 대형 랜턴(노스타 랜턴 등)이 들어가는 사이즈',70,'http://camp18.cafe24.com//web/product/main/COLEMAN/170-8017_1000.jpg','http://camp18.cafe24.com//web/product/main/COLEMAN/170-8017_1000.jpg','coleman', 54);

insert into product(product_id,product_name,price,product_info,stock,product_img,product_img_stored,seller_id,category_no)
values(product_seq.nextval,'터프돔 3025 플러스', 559000,'효과적인 차광으로 텐트 내 기온상승을 억제하는 다크 룸 테크놀로지 적용',40,'http://camp18.cafe24.com//web/product/main/COLEMAN/2000033133_1000.jpg','http://camp18.cafe24.com//web/product/main/COLEMAN/2000033133_1000.jpg','coleman', 2);

insert into product(product_id,product_name,price,product_info,stock,product_img,product_img_stored,seller_id,category_no)
values(product_seq.nextval,'컴팩트 그라운드 체어 (스카이)', 41000,'스틸프레임으로 제작되어 더욱 가볍고 경제적인 가격', 40,'http://camp18.cafe24.com//web/product/main/COLEMAN/170-7672_1000.jpg','http://camp18.cafe24.com//web/product/main/COLEMAN/170-7672_1000.jpg','coleman', 24);

insert into product(product_id,product_name,price,product_info,stock,product_img,product_img_stored,seller_id,category_no)
values(product_seq.nextval,'소파 체어', 105000,'소파와 같은 안정감으로 가볍고 휴대하기 편리한 소파 체어', 120,'http://camp18.cafe24.com//web/product/main/COLEMAN/2000037447_1000.jpg','http://camp18.cafe24.com//web/product/main/COLEMAN/2000037447_1000.jpg','coleman', 23);

insert into product(product_id,product_name,price,product_info,stock,product_img,product_img_stored,seller_id,category_no)
values(product_seq.nextval,'헥사 라이트 II', 175000,'바람을 고려하여 제작된 두꺼운 폴대 효과적으로 바람을 막아주는 헥사타프', 60,'http://camp18.cafe24.com//web/product/main/COLEMAN/2000038145_1000.jpg','http://camp18.cafe24.com//web/product/main/COLEMAN/2000038145_1000.jpg','coleman', 9);

insert into product(product_id,product_name,price,product_info,stock,product_img,product_img_stored,seller_id,category_no)
values(product_seq.nextval,'아웃도어 웨건(코요테브라운)', 157000,'수레의 불필요한 이동을 막아주는 타이어 스토퍼', 80,'http://camp18.cafe24.com//web/product/main/COLEMAN/2000034678_1000.jpg','http://camp18.cafe24.com//web/product/main/COLEMAN/2000034678_1000.jpg','coleman', 66);

insert into product(product_id,product_name,price,product_info,stock,product_img,product_img_stored,seller_id,category_no)
values(product_seq.nextval,'50QT 익스트림 휠드 쿨러 (미스트)', 139000,'휠과 핸들 부착으로 이동이 편한 쿨러', 40,'http://camp18.cafe24.com//web/product/main/COLEMAN/2000038453_1000.jpg','http://camp18.cafe24.com//web/product/main/COLEMAN/2000038453_1000.jpg','coleman', 42);

insert into product(product_id,product_name,price,product_info,stock,product_img,product_img_stored,seller_id,category_no)
values(product_seq.nextval,'그릴 바스켓 쿠커',41000,'생선, 고기 등 모닥불에 직접 양면을 구워 깔끔하게 조리할 수 있는 그릴 바스켓 쿠커', 120,'http://camp18.cafe24.com//web/product/main/COLEMAN/2000037304_1000.jpg','http://camp18.cafe24.com//web/product/main/COLEMAN/2000037304_1000.jpg','coleman', 63);

insert into product(product_id,product_name,price,product_info,stock,product_img,product_img_stored,seller_id,category_no)
values(product_seq.nextval,'3웨이 BBQ 테이블 세트', 129000,'BBQ 그리를 둘러싸며 다같이 식사가 가능한 3웨이 바베큐 테이블', 90,'http://camp18.cafe24.com//web/product/main/COLEMAN/2000037308_1000.jpg','http://camp18.cafe24.com//web/product/main/COLEMAN/2000037308_1000.jpg','coleman', 25);

insert into product(product_id,product_name,price,product_info,stock,product_img,product_img_stored,seller_id,category_no)
values(product_seq.nextval,'터프 스크린 2룸 하우스/MDX+', 899000,'다크룸 테크놀로지가 적용되어 햇빛 효과적으로 차단하는 클리어 루프 플라이', 55,'http://camp18.cafe24.com//web/product/main/COLEMAN/2000036437_1000.jpg','http://camp18.cafe24.com//web/product/main/COLEMAN/2000036437_1000.jpg','coleman', 1);

insert into product(product_id,product_name,price,product_info,stock,product_img,product_img_stored,seller_id,category_no)
values(product_seq.nextval,'어드벤처 쿠션 백/C5', 117000,'미니밴에 딱 맞는 사이즈의 따뜻한 침낭', 112,'https://ocamp.co.kr/web/product/big/202102/55b7612130b649a044936ca707b8ef64.jpg','https://ocamp.co.kr/web/product/big/202102/55b7612130b649a044936ca707b8ef64.jpg','coleman', 14);

insert into product(product_id,product_name,price,product_info,stock,product_img,product_img_stored,seller_id,category_no)
values(product_seq.nextval,'스테인리스 파이어플레이스 III', 215000,'연소 효율이 높은 우물 형태 디자인', 230,'http://camp18.cafe24.com/web/product/main/COLEMAN/2000023233_500.jpg','http://camp18.cafe24.com/web/product/main/COLEMAN/2000023233_500.jpg','coleman', 56);

insert into product(product_id,product_name,price,product_info,stock,product_img,product_img_stored,seller_id,category_no)
values(product_seq.nextval,'커틀러리 세트 IV', 59000,'원목 손잡이로 가볍고 그릴감이 좋은 콜맨 4종 식기 세트', 300,'http://camp18.cafe24.com/web/product/main/COLEMAN/2000015599_500.jpg','http://camp18.cafe24.com/web/product/main/COLEMAN/2000015599_500.jpg','coleman', 38);

insert into product(product_id,product_name,price,product_info,stock,product_img,product_img_stored,seller_id,category_no)
values(product_seq.nextval,'이소 부탄가스 450g', 6900,'추운 날씨에도 강한 LP 부탄 연료 450g', 500,'http://camp18.cafe24.com//web/product/main/COLEMAN/5103K450T_500.jpg','http://camp18.cafe24.com//web/product/main/COLEMAN/5103K450T_500.jpg','coleman', 61);

insert into product(product_id,product_name,price,product_info,stock,product_img,product_img_stored,seller_id,category_no)
values(product_seq.nextval,'더치오븐 SF 12인치', 199000,'단체나 스타일리쉬 요리에 추천하는 12인치', 120,'http://camp18.cafe24.com//web/product/main/COLEMAN/170-9391_500.jpg','http://camp18.cafe24.com//web/product/main/COLEMAN/170-9391_500.jpg','coleman', 35);

insert into product(product_id,product_name,price,product_info,stock,product_img,product_img_stored,seller_id,category_no)
values(product_seq.nextval,'파르테논 커피 드리퍼', 31000,'종이 필터가 필요 없는 커피 드리퍼', 78,'http://camp18.cafe24.com//web/product/main/COLEMAN/170-9370_500.jpg','http://camp18.cafe24.com//web/product/main/COLEMAN/170-9370_500.jpg','coleman', 44);

insert into product(product_id,product_name,price,product_info,stock,product_img,product_img_stored,seller_id,category_no)
values(product_seq.nextval,'IL 릴렉스 폴딩 벤치(히코리)', 139000,'어린이도 쉽게 앉을 수 있는 로우 스타일 벤치', 68,'http://camp18.cafe24.com//web/product/main/COLEMAN/2000032520_500.jpg','http://camp18.cafe24.com//web/product/main/COLEMAN/2000032520_500.jpg','coleman', 23);

insert into product(product_id,product_name,price,product_info,stock,product_img,product_img_stored,seller_id,category_no)
values(product_seq.nextval,'내추럴 모자이크 컴팩트 키친 테이블', 189000,'넓이 조절이 가능하여 일반 테이블에 연결 가능한 버너 스텐드', 46,'http://camp18.cafe24.com//web/product/main/COLEMAN/2000027402_500.jpg','http://camp18.cafe24.com//web/product/main/COLEMAN/2000027402_500.jpg','coleman', 27);

insert into product(product_id,product_name,price,product_info,stock,product_img,product_img_stored,seller_id,category_no)
values(product_seq.nextval,'2 IN 1 패밀리 C10(그린)', 109000,'온도 유지에 도움을 주는 서멀 스플릿 칼라', 57,'http://camp18.cafe24.com//web/product/main/COLEMAN/2000027256_500.jpg','http://camp18.cafe24.com//web/product/main/COLEMAN/2000027256_500.jpg','coleman', 14);

-- durango 듀랑고
insert into product(product_id,product_name,price,product_info,stock,product_img,product_img_stored,seller_id,category_no)
values(product_seq.nextval,'우드 플레이트 S1', 44800,'프리미엄 커팅 보드', 50,'http://camp18.cafe24.com/web/product/main/DURANGO/CADA10400_1000.jpg','http://camp18.cafe24.com/web/product/main/DURANGO/CADA10400_1000.jpg','durango', 40);

insert into product(product_id,product_name,price,product_info,stock,product_img,product_img_stored,seller_id,category_no)
values(product_seq.nextval,'우드 플레이트 E1', 39800,'듀랑고 우드플레이트', 56,'http://camp18.cafe24.com/web/product/main/DURANGO/CADA10300_1000.jpg','http://camp18.cafe24.com/web/product/main/DURANGO/CADA10300_1000.jpg','durango', 40);

insert into product(product_id,product_name,price,product_info,stock,product_img,product_img_stored,seller_id,category_no)
values(product_seq.nextval,'우드 플레이트 W1', 34900,'듀랑고 우드플레이트', 34,'http://camp18.cafe24.com/web/product/main/DURANGO/CADA10100_1000.jpg','http://camp18.cafe24.com/web/product/main/DURANGO/CADA10100_1000.jpg','durango', 40);

insert into product(product_id,product_name,price,product_info,stock,product_img,product_img_stored,seller_id,category_no)
values(product_seq.nextval,'캠프&워크 글로브', 13500,'아웃팅에 다양하게 사용하기 좋은 다용도 장갑', 90,'http://camp18.cafe24.com/web/product/main/DURANGO/CKDA10100_1000.jpg','http://camp18.cafe24.com/web/product/main/DURANGO/CKDA10100_1000.jpg','durango', 73);

insert into product(product_id,product_name,price,product_info,stock,product_img,product_img_stored,seller_id,category_no)
values(product_seq.nextval,'다이캐스팅 고강도스틸펙 20cm, 30cm 2종류', 5300,'국내최초 정밀주조로 만들어진 고강도 펙', 89,'http://camp18.cafe24.com/web/product/main/DURANGO/CMDA10100_1000.jpg','http://camp18.cafe24.com/web/product/main/DURANGO/CMDA10100_1000.jpg','durango', 13);

-- snowpeak 스노우피크
insert into product(product_id,product_name,price,product_info,stock,product_img,product_img_stored,seller_id,category_no)
values(product_seq.nextval,'THERMO 텀블러470 세트', 175000,'4가지색이 세트로 선물하기 좋은 진공 단열 구조의 텀블러 세트', 320,'http://camp18.cafe24.com/web/product/main/SNOWPEAK/SET-470_1000.jpg','http://camp18.cafe24.com/web/product/main/SNOWPEAK/SET-470_1000.jpg','snowpeak', 34);

insert into product(product_id,product_name,price,product_info,stock,product_img,product_img_stored,seller_id,category_no)
values(product_seq.nextval,'헥사타프M프로세트(R)', 578000,'내수압 3,000mm 미니멈', 56,'http://camp18.cafe24.com/web/product/main/SNOWPEAK/TP-861S_1000.jpg','http://camp18.cafe24.com/web/product/main/SNOWPEAK/TP-861S_1000.jpg','snowpeak', 9);

insert into product(product_id,product_name,price,product_info,stock,product_img,product_img_stored,seller_id,category_no)
values(product_seq.nextval,'렉타타프M프로세트(R)', 698000,'내수압 3,000mm 미니멈', 80,'http://camp18.cafe24.com/web/product/main/SNOWPEAK/TP-841S_1000.jpg','http://camp18.cafe24.com/web/product/main/SNOWPEAK/TP-841S_1000.jpg','snowpeak', 9);

insert into product(product_id,product_name,price,product_info,stock,product_img,product_img_stored,seller_id,category_no)
values(product_seq.nextval,'소프트쿨러 11', 98000,'어깨끈 부착', 40,'https://ocamp.co.kr/web/product/big/202108/4337dc7272c3c458bcd697ae068d7518.jpg','https://ocamp.co.kr/web/product/big/202108/4337dc7272c3c458bcd697ae068d7518.jpg','snowpeak', 42);

insert into product(product_id,product_name,price,product_info,stock,product_img,product_img_stored,seller_id,category_no)
values(product_seq.nextval,'화로대LL', 377000,'스노우피크의 대표적인 아이템 화로대. 스태디셀러 상품', 500,'http://camp18.cafe24.com/web/product/main/SNOWPEAK/ST-034_1000.jpg','http://camp18.cafe24.com/web/product/main/SNOWPEAK/ST-034_1000.jpg','snowpeak', 56);

insert into product(product_id,product_name,price,product_info,stock,product_img,product_img_stored,seller_id,category_no)
values(product_seq.nextval,'리빙쉘 이너룸L 그라운드 시트', 119000,'이너텐트의 바닥을 보호 리빙쉘 전용 안심 시트', 76,'http://camp18.cafe24.com/web/product/main/SNOWPEAK/TP-512IR-1_1000.jpg','http://camp18.cafe24.com/web/product/main/SNOWPEAK/TP-512IR-1_1000.jpg','snowpeak', 8);

insert into product(product_id,product_name,price,product_info,stock,product_img,product_img_stored,seller_id,category_no)
values(product_seq.nextval,'화로대LL 케이스', 167000,'범포를 사용한 화로대LL 전용 수납케이스', 230,'http://camp18.cafe24.com/web/product/main/SNOWPEAK/ST-034BR_1000.jpg','http://camp18.cafe24.com/web/product/main/SNOWPEAK/ST-034BR_1000.jpg','snowpeak', 59);

insert into product(product_id,product_name,price,product_info,stock,product_img,product_img_stored,seller_id,category_no)
values(product_seq.nextval,'오로라 보틀 800 옐로우', 149000,'숙련된 가공기술로 탄생한 가볍고 튼튼한 티타늄 워터 보틀', 72,'http://camp18.cafe24.com/web/product/main/SNOWPEAK/TW-800-YL_1000.jpg','http://camp18.cafe24.com/web/product/main/SNOWPEAK/TW-800-YL_1000.jpg','snowpeak', 34);

insert into product(product_id,product_name,price,product_info,stock,product_img,product_img_stored,seller_id,category_no)
values(product_seq.nextval,'오로라 보틀 800 핑크', 149000,'숙련된 가공기술로 탄생한 가볍고 튼튼한 티타늄 워터 보틀', 130,'http://camp18.cafe24.com/web/product/main/SNOWPEAK/TTW-800-PI_1000.jpg','http://camp18.cafe24.com/web/product/main/SNOWPEAK/TTW-800-PI_1000.jpg','snowpeak', 34);

insert into product(product_id,product_name,price,product_info,stock,product_img,product_img_stored,seller_id,category_no)
values(product_seq.nextval,'화로대 SR', 186000,'모닥불도 조리도 제대로 즐길 수 있는 솔로 캠퍼를 위한 화로대',49,'http://camp18.cafe24.com/web/product/main/SNOWPEAK/ST-021_1000.jpg','http://camp18.cafe24.com/web/product/main/SNOWPEAK/ST-021_1000.jpg','snowpeak', 56);

insert into product(product_id,product_name,price,product_info,stock,product_img,product_img_stored,seller_id,category_no)
values(product_seq.nextval,'후로가L', 197000,'화로대L의 전용 옵션 제품', 70,'https://ocamp.co.kr/web/product/big/202104/4d04daa5aeaf067decb8d9ff74b0e5cd.jpg','https://ocamp.co.kr/web/product/big/202104/4d04daa5aeaf067decb8d9ff74b0e5cd.jpg','snowpeak', 59);

insert into product(product_id,product_name,price,product_info,stock,product_img,product_img_stored,seller_id,category_no)
values(product_seq.nextval,'어메니티 엘필드', 1990000,'더이상 구할 수 없던 과거의 재품을 재탄생 시킨 제품', 400,'http://camp18.cafe24.com/web/product/main/SNOWPEAK/AD-020_1000.jpg','http://camp18.cafe24.com/web/product/main/SNOWPEAK/AD-020_1000.jpg','snowpeak', 2);

insert into product(product_id,product_name,price,product_info,stock,product_img,product_img_stored,seller_id,category_no)
values(product_seq.nextval,'이소110-K (110g)', 3400,'최대한 이끌어내는 기가파워 가스', 600,'http://camp18.cafe24.com/web/product/main/GPK-110SR(1).jpg','http://camp18.cafe24.com/web/product/main/GPK-110SR(1).jpg','snowpeak', 61);

insert into product(product_id,product_name,price,product_info,stock,product_img,product_img_stored,seller_id,category_no)
values(product_seq.nextval,'폴리로프3mm', 8000,'로프', 90,'http://camp18.cafe24.com/web/product/main/AP-005(1).jpg','http://camp18.cafe24.com/web/product/main/AP-005(1).jpg','snowpeak', 13);

insert into product(product_id,product_name,price,product_info,stock,product_img,product_img_stored,seller_id,category_no)
values(product_seq.nextval,'리틀램프녹턴', 54000,'작은 불꽃이 고요한 밤을 감성적으로 연출', 80,'http://camp18.cafe24.com/web/product/main/GL-140(1).jpg','http://camp18.cafe24.com/web/product/main/GL-140(1).jpg','snowpeak', 50);

insert into product(product_id,product_name,price,product_info,stock,product_img,product_img_stored,seller_id,category_no)
values(product_seq.nextval,'폴리로프4mm', 9000,'로프', 100,'http://camp18.cafe24.com/web/product/main/AP-006(1).jpg','http://camp18.cafe24.com/web/product/main/AP-006(1).jpg', 'snowpeak', 13);

insert into product(product_id,product_name,price,product_info,stock,product_img,product_img_stored,seller_id,category_no)
values(product_seq.nextval,'스트레치 필로우(R)', 49000,'지금까지 없었던 숙면 야외 베개', 78,'http://camp18.cafe24.com/web/product/main/SNOWPEAK/TM-095R_1000.jpg','http://camp18.cafe24.com/web/product/main/SNOWPEAK/TM-095R_1000.jpg','snowpeak', 20);

insert into product(product_id,product_name,price,product_info,stock,product_img,product_img_stored,seller_id,category_no)
values(product_seq.nextval,'캠핑매트2.5w
', 338000,'숙면을 약속하는 강력한 매트가 쾌적한 캠핑을 실현합니다.', 70,'http://camp18.cafe24.com/web/product/main/TM-193(1).jpg','http://camp18.cafe24.com/web/product/main/TM-193(1).jpg','snowpeak', 15);

insert into product(product_id,product_name,price,product_info,stock,product_img,product_img_stored,seller_id,category_no)
values(product_seq.nextval,'사케보틀 Titanium', 208000,'정종을 주고받으며 사계절 풍경을 즐기다', 60,'https://ocamp.co.kr/web/product/big/202101/7ae3bc9532e2ab7a092b4b82e8293550.jpg','https://ocamp.co.kr/web/product/big/202101/7ae3bc9532e2ab7a092b4b82e8293550.jpg','snowpeak', 36);

insert into product(product_id,product_name,price,product_info,stock,product_img,product_img_stored,seller_id,category_no)
values(product_seq.nextval,'캠핑버켓', 47000, '캠프 사이트 정리 정돈에 편리한 물통 시리즈', 70, 'http://camp18.cafe24.com/web/product/main/SNOWPEAK/FP-152_1000.jpg','http://camp18.cafe24.com/web/product/main/SNOWPEAK/FP-152_1000.jpg','snowpeak', 37);

insert into product(product_id,product_name,price,product_info,stock,product_img,product_img_stored,seller_id,category_no)
values(product_seq.nextval,'미니솔로 콤보티탄', 95000,'머스트 아이템 미니솔로 콤보티탄, 콤보솔로의 기능을 더욱 향상시킨 모델', 90,'http://camp18.cafe24.com/web/product/main/SNOWPEAK/SCS-004TR_1000.jpg','http://camp18.cafe24.com/web/product/main/SNOWPEAK/SCS-004TR_1000.jpg','snowpeak', 35);

insert into product(product_id,product_name,price,product_info,stock,product_img,product_img_stored,seller_id,category_no)
values(product_seq.nextval,'쉘프컨테이너50', 168000,'선반기능과 수납기능이 일체된 컨테이너', 80,'http://camp18.cafe24.com/web/product/main/SNOWPEAK/UG-055G_1000.jpg','http://camp18.cafe24.com/web/product/main/SNOWPEAK/UG-055G_1000.jpg','snowpeak', 66);

insert into product(product_id,product_name,price,product_info,stock,product_img,product_img_stored,seller_id,category_no)
values(product_seq.nextval,'GARDEN & CAMP 버너 (BK)-연료 미포함', 128000,'언제 어디서든 간편하게 사용할 수 있으며, 사용하지 않을 때도 수납과 인테리어를 방해하지 않습니다.', 80,'http://camp18.cafe24.com/web/product/main/GS-600BK-KR(1).jpg','http://camp18.cafe24.com/web/product/main/GS-600BK-KR(1).jpg','snowpeak', 39);

insert into product(product_id,product_name,price,product_info,stock,product_img,product_img_stored,seller_id,category_no)
values(product_seq.nextval,'필드바리스타 드리퍼', 75000,'필드에서 맛있는 커피를 즐기는 카페 도구', 60,'http://camp18.cafe24.com/web/product/main/SNOWPEAK/CS-117_1000.jpg','http://camp18.cafe24.com/web/product/main/SNOWPEAK/CS-117_1000.jpg','snowpeak', 44);

insert into product(product_id,product_name,price,product_info,stock,product_img,product_img_stored,seller_id,category_no)
values(product_seq.nextval,'알뉴미늄 폴280',78000,'경량이지만 내구성이 높은 스펙의 폴', 90,'http://camp18.cafe24.com/web/product/main/TP-001(1).jpg','http://camp18.cafe24.com/web/product/main/TP-001(1).jpg','snowpeak', 12);

insert into product(product_id,product_name,price,product_info,stock,product_img,product_img_stored,seller_id,category_no)
values(product_seq.nextval,'화로BP스탠드S', 37000,'화로 스탠드 를 이용하여 잔디를 뜨거운 열과 불로 부터 보호', 60,'http://camp18.cafe24.com/web/product/main/ST-031BS-1.jpg','http://camp18.cafe24.com/web/product/main/ST-031BS-1.jpg','snowpeak', 59);

insert into product(product_id,product_name,price,product_info,stock,product_img,product_img_stored,seller_id,category_no)
values(product_seq.nextval,'분리식젓가락M', 50000,'대나무 소재를 사용한 휴대 분리식 젓가락', 60,'http://camp18.cafe24.com/web/product/main/SNOWPEAK/SCT-110_1000.jpg','http://camp18.cafe24.com/web/product/main/SNOWPEAK/SCT-110_1000.jpg','snowpeak', 38);

--헬리눅스
insert into product(product_id,product_name,price,product_info,stock,product_img,product_img_stored,seller_id,category_no)
values(product_seq.nextval,'코트원 컨버터블 멀티 블록', 330000,'코트원 컨버터블 멀티 블록', 50,'http://camp18.cafe24.com/web/product/main/HELINOX/C54H1A3MF_1000.jpg','http://camp18.cafe24.com/web/product/main/HELINOX/C54H1A3MF_1000.jpg','helinox', 23);

insert into product(product_id,product_name,price,product_info,stock,product_img,product_img_stored,seller_id,category_no)
values(product_seq.nextval,'벤치원 페이즐리 블루', 286000,'벤치원 페이즐리 블루', 50,'http://camp18.cafe24.com/web/product/main/HELINOX/C54H194BU_1000.jpg','http://camp18.cafe24.com/web/product/main/HELINOX/C54H194BU_1000.jpg','helinox', 23);

insert into product(product_id,product_name,price,product_info,stock,product_img,product_img_stored,seller_id,category_no)
values(product_seq.nextval,'벤치원 블랙', 250000,'벤치원 블랙', 20,'http://camp18.cafe24.com/web/product/main/HELINOX/C54H192BK_1000.jpg','http://camp18.cafe24.com/web/product/main/HELINOX/C54H192BK_1000.jpg','helinox', 23);

insert into product(product_id,product_name,price,product_info,stock,product_img,product_img_stored,seller_id,category_no)
values(product_seq.nextval,'벤치원 타이다이', 286000,'벤치원 타이다이', 30,'http://camp18.cafe24.com/web/product/main/HELINOX/C54H193TI_1000.jpg','http://camp18.cafe24.com/web/product/main/HELINOX/C54H193TI_1000.jpg','helinox', 23);

insert into product(product_id,product_name,price,product_info,stock,product_img,product_img_stored,seller_id,category_no)
values(product_seq.nextval,'선셋체어 트라이앵글 레드', 180000,'선셋체어 트라이앵글 레드', 50,'http://camp18.cafe24.com/web/product/main/HELINOX/C54H148RE_1000.jpg','http://camp18.cafe24.com/web/product/main/HELINOX/C54H192BK_1000.jpg','helinox', 24);

insert into product(product_id,product_name,price,product_info,stock,product_img,product_img_stored,seller_id,category_no)
values(product_seq.nextval,'체어원 엑스라지 스칼렛 아이언블록', 250000,'체어원 엑스라지 스칼렛 아이언블록', 50,'https://ocamp.co.kr/web/product/big/202109/06515ea49e20c509c865786fed9fce6d.jpg','https://ocamp.co.kr/web/product/big/202109/06515ea49e20c509c865786fed9fce6d.jpg','helinox', 24);

insert into product(product_id,product_name,price,product_info,stock,product_img,product_img_stored,seller_id,category_no)
values(product_seq.nextval,'노나돔 4.0 블랙', 2150000,'노나돔 4.0 블랙', 30,'http://camp18.cafe24.com/web/product/main/HELINOX/C14H109BK_1000.jpg','http://camp18.cafe24.com/web/product/main/HELINOX/C14H109BK_1000.jpg','helinox', 2);

insert into product(product_id,product_name,price,product_info,stock,product_img,product_img_stored,seller_id,category_no)
values(product_seq.nextval,'브이타프 4.0 화이트', 1260000,'브이타프 4.0 화이트', 30,'http://camp18.cafe24.com/web/product/main/HELINOX/C14H103WH_1000.jpg','http://camp18.cafe24.com/web/product/main/HELINOX/C14H103WH_1000.jpg','helinox', 2);

insert into product(product_id,product_name,price,product_info,stock,product_img,product_img_stored,seller_id,category_no)
values(product_seq.nextval,'노나돔 4.0 베드룸 블랙', 990000,'노나돔 4.0 베드룸 블랙', 30,'http://camp18.cafe24.com/web/product/main/HELINOX/C14H111BK_1000.jpg','http://camp18.cafe24.com/web/product/main/HELINOX/C14H111BK_1000.jpg','helinox', 2);

insert into product(product_id,product_name,price,product_info,stock,product_img,product_img_stored,seller_id,category_no)
values(product_seq.nextval,'알파인돔 2P 블랙 20D 단면실리콘', 790000,'알파인돔 2P 블랙 20D 단면실리콘', 30,'http://camp18.cafe24.com/web/product/main/HELINOX/C14H107BK_1000.jpg','http://camp18.cafe24.com/web/product/main/HELINOX/C14H107BK_1000.jpg','helinox', 2);

insert into product(product_id,product_name,price,product_info,stock,product_img,product_img_stored,seller_id,category_no)
values(product_seq.nextval,'로얄박스 쉐이드 샌드 R1', 290000,'로얄박스 쉐이드 샌드 R1', 30,'http://camp18.cafe24.com/web/product/main/HELINOX/C54H1D6SN_1000.jpg','http://camp18.cafe24.com/web/product/main/HELINOX/C54H1D6SN_1000.jpg','helinox', 6);

insert into product(product_id,product_name,price,product_info,stock,product_img,product_img_stored,seller_id,category_no)
values(product_seq.nextval,'렉타 3.5 (타프폴 미포함)', 270000,'렉타 3.5 (타프폴 미포함)', 30,'http://camp18.cafe24.com/web/product/main/HELINOX/C14H10800_1000.jpg','http://camp18.cafe24.com/web/product/main/HELINOX/C14H10800_1000.jpg','helinox', 9);

insert into product(product_id,product_name,price,product_info,stock,product_img,product_img_stored,seller_id,category_no)
values(product_seq.nextval,'노나타프 블랙(타프폴 미포함)', 360000,'노나타프 블랙(타프폴 미포함)', 30,'http://camp18.cafe24.com/web/product/main/HELINOX/C14H110BK_1000.jpg','http://camp18.cafe24.com/web/product/main/HELINOX/C14H110BK_1000.jpg','helinox', 4);

insert into product(product_id,product_name,price,product_info,stock,product_img,product_img_stored,seller_id,category_no)
values(product_seq.nextval,'테이블원 하드탑 라지 블랙아웃에디션', 140000,'테이블원 하드탑 라지 블랙아웃에디션', 30,'http://camp18.cafe24.com/web/product/main/HELINOX/C54H1C2BK_1000.jpg','http://camp18.cafe24.com/web/product/main/HELINOX/C54H1C2BK_1000.jpg','helinox', 25);

insert into product(product_id,product_name,price,product_info,stock,product_img,product_img_stored,seller_id,category_no)
values(product_seq.nextval,'테이블원 블랙아웃에디션', 120000,'테이블원 블랙아웃에디션', 30,'http://camp18.cafe24.com/web/product/main/HELINOX/C54H1B6BK_1000.jpg','http://camp18.cafe24.com/web/product/main/HELINOX/C54H1B6BK_1000.jpg','helinox', 26);

insert into product(product_id,product_name,price,product_info,stock,product_img,product_img_stored,seller_id,category_no)
values(product_seq.nextval,'사이드 테이블 미디움 퍼티', 53000,'사이드 테이블 미디움 퍼티', 30,'http://camp18.cafe24.com/web/product/main/HELINOX/C54H1B14U_1000.jpg','http://camp18.cafe24.com/web/product/main/HELINOX/C54H1B14U_1000.jpg','helinox', 26);

insert into product(product_id,product_name,price,product_info,stock,product_img,product_img_stored,seller_id,category_no)
values(product_seq.nextval,'테이블오 그레이', 49000,'테이블오 그레이', 30,'http://camp18.cafe24.com/web/product/main/HELINOX/C54H1C6Y4_1000.jpg','http://camp18.cafe24.com/web/product/main/HELINOX/C54H1C6Y4_1000.jpg','helinox', 26);

insert into product(product_id,product_name,price,product_info,stock,product_img,product_img_stored,seller_id,category_no)
values(product_seq.nextval,'코트원 컨버터블 인슐레이티드 블랙', 510000,'코트원 컨버터블 인슐레이티드 블랙', 30,'http://camp18.cafe24.com/web/product/main/HELINOX/C54H1A6BK_1000.jpg','http://camp18.cafe24.com/web/product/main/HELINOX/C54H1A6BK_1000.jpg','helinox', 30);

insert into product(product_id,product_name,price,product_info,stock,product_img,product_img_stored,seller_id,category_no)
values(product_seq.nextval,'라이트 코트 샌드', 294000,'라이트 코트 샌드', 30,'http://camp18.cafe24.com/web/product/main/HELINOX/C54H1A0SN_1000.jpg','http://camp18.cafe24.com/web/product/main/HELINOX/C54H1A0SN_1000.jpg','helinox', 30);

insert into product(product_id,product_name,price,product_info,stock,product_img,product_img_stored,seller_id,category_no)
values(product_seq.nextval,'엘리베이티드 도그 코트 L 블랙', 220000,'엘리베이티드 도그 코트 L 블랙', 30,'http://camp18.cafe24.com/web/product/main/HELINOX/C54H1D8BK_1000.jpg','http://camp18.cafe24.com/web/product/main/HELINOX/C54H1D8BK_1000.jpg','helinox', 30);

--불멍
insert into product(product_id,product_name,price,product_info,stock,product_img,product_img_stored,seller_id,category_no)
values(product_seq.nextval,'불멍 감성 캠핑 블랭킷 차박 담요 에스닉 160 X 220', 39000,'160 X 220cm / 사계절 필수템 담요, 차박용 캠핑메트로도 활용 가능한 감성 가득한 제품입니다. 이불,매트,쇼파커버,무릎담요,차박매트 등 다양한 용도로 활용 가능합니다.', 30,'https://ocamp.co.kr/web/product/big/202101/4f8d7e8a27648b341f8f6f49e6f658ee.jpg','https://ocamp.co.kr/web/product/big/202101/4f8d7e8a27648b341f8f6f49e6f658ee.jpg','bulmeng', 18);

insert into product(product_id,product_name,price,product_info,stock,product_img,product_img_stored,seller_id,category_no)
values(product_seq.nextval,'불멍 감성 블랭킷 트리 160 X 220', 39000,'160 X 220cm / 사계절 필수템 담요,차박용 캠핑메트로도 활용 가능한 감성 가득한 제품입니다.', 30,'http://camp18.cafe24.com/web/product/main/BULMENG/C3B210200_1000.jpg','http://camp18.cafe24.com/web/product/main/BULMENG/C3B210200_1000.jpg','bulmeng', 18);

insert into product(product_id,product_name,price,product_info,stock,product_img,product_img_stored,seller_id,category_no)
values(product_seq.nextval,'불멍 감성 블랭킷 모로코 130 X 160', 29000,'130 X 160cm / 사계절 필수템 담요, 차박용 캠핑메트로도 활용 가능한 감성 가득한 제품입니다.', 30,'http://camp18.cafe24.com/web/product/main/BULMENG/C32B11100_1000.jpg','http://camp18.cafe24.com/web/product/main/BULMENG/C32B11100_1000.jpg','bulmeng', 18);

insert into product(product_id,product_name,price,product_info,stock,product_img,product_img_stored,seller_id,category_no)
values(product_seq.nextval,'불멍 감성 캠핑 블랭킷 차박 담요 인디안 130 X 160', 29000,'130 X 160cm / 사계절 필수템 차박용 캠핑메트로도 활용 가능한 감성 가득한 제품입니다. 이불,매트,쇼파커버,무릎담요,차박매트 등 다양한 용도로 활용 가능합니다.', 30,'https://ocamp.co.kr/web/product/big/202101/25771c46b0eb853773d6d9b0b6b4052e.jpg','https://ocamp.co.kr/web/product/big/202101/25771c46b0eb853773d6d9b0b6b4052e.jpg','bulmeng', 18);

insert into product(product_id,product_name,price,product_info,stock,product_img,product_img_stored,seller_id,category_no)
values(product_seq.nextval,'불멍 감성 캠핑 블랭킷 차박 담요 이집트 130 X 160', 29000,'130 X 160cm / 사계절 필수템 담요 차박용 캠핑메트로도 활용 가능한 감성 가득한 제품입니다.', 30,'https://ocamp.co.kr/web/product/big/202101/4608b82860ca29b9495fe51778e0282d.jpg','https://ocamp.co.kr/web/product/big/202101/4608b82860ca29b9495fe51778e0282d.jpg','bulmeng', 18);

insert into product(product_id,product_name,price,product_info,stock,product_img,product_img_stored,seller_id,category_no)
values(product_seq.nextval,'불멍 감성 소주잔 쿡사컵 세트, 캔버스', 20000,'신서유기 스프링캠프 은지원 소주잔 술잔으로 활용 하거나 커피 원두 스푼으로 쓰기 딱 좋은 사이즈의 감성 소주잔 세트입니다. 감성적인 전용 파우치 세트 구성으로 보관과 휴대성을 보완했습니다.', 30,'http://camp18.cafe24.com/web/product/main/BULMENG/C92B001CV_1000.jpg','http://camp18.cafe24.com/web/product/main/BULMENG/C92B001CV_1000.jpg','bulmeng', 34);

insert into product(product_id,product_name,price,product_info,stock,product_img,product_img_stored,seller_id,category_no)
values(product_seq.nextval,'불멍 쿡사볼 파우치 세트, 멀티캠', 25000,'밥그릇, 시리얼 볼, 요거트 볼, 막걸리 잔 등 다양하게 활용 가능한 다용도 그릇.', 30,'https://ocamp.co.kr/web/product/big/202102/b0c3daf05de96520f631313f2533105c.jpg','https://ocamp.co.kr/web/product/big/202102/b0c3daf05de96520f631313f2533105c.jpg','bulmeng', 36);

insert into product(product_id,product_name,price,product_info,stock,product_img,product_img_stored,seller_id,category_no)
values(product_seq.nextval,'불멍 LED 벽난로 오브제 무드등', 30000,'벽난로에서 장작이 타오르는 디자인의 LED 감성 무드등 입니다.', 30,'https://ocamp.co.kr/web/product/big/202101/796f3aad960dd50f58e9a6e14f9ab8c2.jpg','https://ocamp.co.kr/web/product/big/202101/796f3aad960dd50f58e9a6e14f9ab8c2.jpg','bulmeng', 57);

insert into product(product_id,product_name,price,product_info,stock,product_img,product_img_stored,seller_id,category_no)
values(product_seq.nextval,'불멍 도깨비가루 매직 파이어 30g, 50g', 3000,'불멍할때 화롯대에 던지거나 불위에 뿌려주면 오로라빛 무지개색 불로 변합니다.', 30,'https://ocamp.co.kr/web/product/big/202101/689081ab7555f5425b5bedba67dfe138.jpg','https://ocamp.co.kr/web/product/big/202101/689081ab7555f5425b5bedba67dfe138.jpg','bulmeng', 74);

insert into product(product_id,product_name,price,product_info,stock,product_img,product_img_stored,seller_id,category_no)
values(product_seq.nextval,'불멍 디팩, 캔버스', 45000,'패킹하기 좋은 사이즈의 멀티 디팩이며 보온재와 코팅원단을 사용하여 물기에 강한 소프트쿨러로도 사용가능.', 30,'https://ocamp.co.kr/web/product/big/202102/c136b02250697a7d720bef3064b84a22.jpg','https://ocamp.co.kr/web/product/big/202102/c136b02250697a7d720bef3064b84a22.jpg','bulmeng', 66);

--몬테라
insert into product(product_id,product_name,price,product_info,stock,product_img,product_img_stored,seller_id,category_no)
values(product_seq.nextval, '3D 매트 M', 209000,'탁월한 편안함과 내구성이 뛰어난 프리미엄 3D 자충매트입니다.', 30,'http://camp18.cafe24.com/web/product/main/MONTERRA/C3N8105Y4_1000.jpg','http://camp18.cafe24.com/web/product/main/MONTERRA/C3N8105Y4_1000.jpg','monterra', 16);

insert into product(product_id,product_name,price,product_info,stock,product_img,product_img_stored,seller_id,category_no)
values(product_seq.nextval, '이음 EX 테이블+오거나이저 블랙', 179000,'설치가 간편한 탈착 방식이며, 더욱 편안한 조리용 테이블로 사용 가능합니다.', 30,'http://camp18.cafe24.com/web/product/main/MONTERRA/C3N8103BK_1000.jpg','http://camp18.cafe24.com/web/product/main/MONTERRA/C3N8103BK_1000.jpg','monterra', 27);

insert into product(product_id,product_name,price,product_info,stock,product_img,product_img_stored,seller_id,category_no)
values(product_seq.nextval, '이음2 그란데 행어', 89800,'다수의 거치대로 다양한 소품 수납이 가능합니다.', 30,'http://camp18.cafe24.com/web/product/main/MONTERRA/CON810300_1000.jpg','http://camp18.cafe24.com/web/product/main/MONTERRA/CON810300_1000.jpg','monterra', 31);

insert into product(product_id,product_name,price,product_info,stock,product_img,product_img_stored,seller_id,category_no)
values(product_seq.nextval, '우드 롱 릴렉스체어 블랙', 82800,'우드 암레스트와 우드 스타일 프레임을 채택한 고급 릴렉스 체어입니다.', 30,'http://camp18.cafe24.com/web/product/main/MONTERRA/C5N8114BK_1000.jpg','http://camp18.cafe24.com/web/product/main/MONTERRA/C5N8114BK_1000.jpg','monterra', 24);

insert into product(product_id,product_name,price,product_info,stock,product_img,product_img_stored,seller_id,category_no)
values(product_seq.nextval, '쿨러 28L 블랙에디션', 32000,'쿨러는 슬림한 디자인과 우수한 보냉력 및 탁월한 기능을 보유합니다', 30,'http://camp18.cafe24.com/web/product/main/MONTERRA/C8N8101BK_1000.jpg','http://camp18.cafe24.com/web/product/main/MONTERRA/C8N8101BK_1000.jpg','monterra', 40);

insert into product(product_id,product_name,price,product_info,stock,product_img,product_img_stored,seller_id,category_no)
values(product_seq.nextval, '미니 행어', 29000,'어디서나 간단하게 식기류를 수납할 수 있습니다.', 30,'http://camp18.cafe24.com/web/product/main/MONTERRA/CON810100_1000.jpg','http://camp18.cafe24.com/web/product/main/MONTERRA/CON810100_1000.jpg','monterra', 32);

insert into product(product_id,product_name,price,product_info,stock,product_img,product_img_stored,seller_id,category_no)
values(product_seq.nextval, '스텐 접시 세트', 24000,'0.4t 두께의 고품질 스테인레스 접시세트입니다.', 30,'http://camp18.cafe24.com/web/product/main/MONTERRA/C9N810300_1000.jpg','http://camp18.cafe24.com/web/product/main/MONTERRA/C9N810300_1000.jpg','monterra', 36);

insert into product(product_id,product_name,price,product_info,stock,product_img,product_img_stored,seller_id,category_no)
values(product_seq.nextval, '그란데 베개', 22000,'넓고 편안하며 복원력이 뛰어난 폼블럭 베개입니다.', 30,'http://camp18.cafe24.com/web/product/main/MONTERRA/C3N8106Y4_1000.jpg','http://camp18.cafe24.com/web/product/main/MONTERRA/C3N8106Y4_1000.jpg','monterra', 20);

insert into product(product_id,product_name,price,product_info,stock,product_img,product_img_stored,seller_id,category_no)
values(product_seq.nextval, '이음 오거나이저', 20000,'경량 테이블에 부착하여 다양한 소품을 수납할 수 있습니다.', 30,'http://camp18.cafe24.com/web/product/main/MONTERRA/CON8108BK_1000.jpg','http://camp18.cafe24.com/web/product/main/MONTERRA/CON8108BK_1000.jpg','monterra', 31);

insert into product(product_id,product_name,price,product_info,stock,product_img,product_img_stored,seller_id,category_no)
values(product_seq.nextval, '이음2 그란데 행어 사이드랙 L(2개 1세트)', 10000,'이음2 그란데 행어 전용 사이드랙 입니다.', 30,'https://ocamp.co.kr/web/product/big/202104/5d34207ac7f6c7fe0fc97a484cfab295.jpg','https://ocamp.co.kr/web/product/big/202104/5d34207ac7f6c7fe0fc97a484cfab295.jpg','monterra', 31);

insert into product(product_id,product_name,price,product_info,stock,product_img,product_img_stored,seller_id,category_no)
values(product_seq.nextval, '안 체어 블랙', 99000,'누워서 쉴 수 있는 최적의 편안함을 느낄 수 있습니다.', 30,'http://camp18.cafe24.com/web/product/main/MONTERRA/C5N8110BK_1000.jpg','http://camp18.cafe24.com/web/product/main/MONTERRA/C5N8110BK_1000.jpg','monterra', 23);

--미니멀 웍스
insert into product(product_id,product_name,price,product_info,stock,product_img,product_img_stored,seller_id,category_no)
values(product_seq.nextval,'망고스테이션 플러스, 오렌지', 1780000,'더블 크로스 구조를 사용한 자립형 돔 쉘터로 설치가 매우 쉬우며, 다양한 환경에 유연하게 대응이 가능합니다.', 50,'https://ocamp.co.kr/web/product/big/202104/b4cb952499d57ec8a50035ac92643f85.jpg','https://ocamp.co.kr/web/product/big/202104/b4cb952499d57ec8a50035ac92643f85.jpg','minimalworks', 2);

insert into product(product_id,product_name,price,product_info,stock,product_img,product_img_stored,seller_id,category_no)
values(product_seq.nextval,'브이하우스 M 탄', 1180000,'전면과 후면, 측면의 스킨은 개방과 폐쇄가 자유로우며 4계절 모두 사용이 가능합니다.', 50,'https://ocamp.co.kr/web/product/big/202111/5dde387c4eb19d013305c7e792431951.jpg','https://ocamp.co.kr/web/product/big/202111/5dde387c4eb19d013305c7e792431951.jpg','minimalworks', 1);

insert into product(product_id,product_name,price,product_info,stock,product_img,product_img_stored,seller_id,category_no)
values(product_seq.nextval,'쉘터 G 올리브 - 21년 11월 생산모델', 780000,'여러명을 수용할 수 있는 다목적 그룹형 쉘터로 더블 크러스 폴 구조를 사용하여 공간감과 개방감이 탁월합니다.', 50,'https://ocamp.co.kr/web/product/big/202104/528b24a95ab52c0d57ec781e22457211.jpg','https://ocamp.co.kr/web/product/big/202104/528b24a95ab52c0d57ec781e22457211.jpg','minimalworks', 6);

insert into product(product_id,product_name,price,product_info,stock,product_img,product_img_stored,seller_id,category_no)
values(product_seq.nextval,'잭 쉘터 플러스 블랙', 540000,'공간감이 뛰어나고 날씨 변화에 유연하게 대처할 수 있는 다목적 그룹형 텐트입니다.', 50,'http://camp18.cafe24.com/web/product/main/MINIMALWORKS/MGSH-JS601-GO0BK_1000.jpg','http://camp18.cafe24.com/web/product/main/MINIMALWORKS/MGSH-JS601-GO0BK_1000.jpg','minimalworks', 6);

insert into product(product_id,product_name,price,product_info,stock,product_img,product_img_stored,seller_id,category_no)
values(product_seq.nextval,'파프리카 오렌지', 480000,'설치와 해체가 빠르고 쉬우며 양 옆 두개의 도어는 사용의 편의와 시원한 개방감을 선사합니다.', 50,'http://camp18.cafe24.com/web/product/main/MINIMALWORKS/MGTE-PK201-GO0OR_1000.jpg','http://camp18.cafe24.com/web/product/main/MINIMALWORKS/MGTE-PK201-GO0OR_1000.jpg','minimalworks', 5);

insert into product(product_id,product_name,price,product_info,stock,product_img,product_img_stored,seller_id,category_no)
values(product_seq.nextval,'글래머D 플러스 쉘터 민트초코', 320000,'확장된 면적의 여유와 공간감, 개방성 등은 한층 더 커진 제품입니다.', 50,'http://camp18.cafe24.com/web/product/main/MINIMALWORKS/MGSH-GS401-GO0MI_1000.jpg','http://camp18.cafe24.com/web/product/main/MINIMALWORKS/MGSH-GS401-GO0MI_1000.jpg','minimalworks', 6);

insert into product(product_id,product_name,price,product_info,stock,product_img,product_img_stored,seller_id,category_no)
values(product_seq.nextval,'글래머D 플러스 쉘터 블랙', 320000,'확장된 면적의 여유와 공간감, 개방성 등은 한층 더 커진 제품입니다.', 50,'http://camp18.cafe24.com/web/product/main/MINIMALWORKS/MGSH-GS401-GO0BK_1000.jpg','http://camp18.cafe24.com/web/product/main/MINIMALWORKS/MGSH-GS401-GO0BK_1000.jpg','minimalworks', 6);

insert into product(product_id,product_name,price,product_info,stock,product_img,product_img_stored,seller_id,category_no)
values(product_seq.nextval,'카멜레온 500 2.0 파스텔핑크', 295000,'800 필파워, 910g의 초경량 프리미엄 유로피안 화이트 구스 다운의 3계절 세미 머미형 침낭.', 50,'http://camp18.cafe24.com/web/product/main/MINIMALWORKS/C3W4110PA_1000.jpg','http://camp18.cafe24.com/web/product/main/MINIMALWORKS/C3W4110PA_1000.jpg','minimalworks', 2);

insert into product(product_id,product_name,price,product_info,stock,product_img,product_img_stored,seller_id,category_no)
values(product_seq.nextval,'카멜레온 500 2.0 블랙', 295000,'800 필파워, 910g의 초경량 프리미엄 유로피안 화이트 구스 다운의 3계절 세미 머미형 침낭.', 50,'http://camp18.cafe24.com/web/product/main/MINIMALWORKS/C3W4106BK_1000.jpg','http://camp18.cafe24.com/web/product/main/MINIMALWORKS/C3W4106BK_1000.jpg','minimalworks', 2);

insert into product(product_id,product_name,price,product_info,stock,product_img,product_img_stored,seller_id,category_no)
values(product_seq.nextval,'볼텍스 체어 베이지', 240000,'최상의 착석감을 가진 버터플라이 체어는 차별화된 소재의 기능으로 체어의 견고함과 안락함을 더하고, 최소 수납사이즈를 실현하였습니다.', 50,'http://camp18.cafe24.com/web/product/main/MINIMALWORKS/C5W4140BY_1000.jpg','http://camp18.cafe24.com/web/product/main/MINIMALWORKS/C5W4140BY_1000.jpg','minimalworks', 23);

insert into product(product_id,product_name,price,product_info,stock,product_img,product_img_stored,seller_id,category_no)
values(product_seq.nextval,'볼텍스 체어 블랙', 240000,'최상의 착석감을 가진 버터플라이 체어는 차별화된 소재의 기능으로 체어의 견고함과 안락함을 더하고, 최소 수납사이즈를 실현하였습니다.', 50,'http://camp18.cafe24.com/web/product/main/MINIMALWORKS/C5W4139BK_1000.jpg','http://camp18.cafe24.com/web/product/main/MINIMALWORKS/C5W4139BK_1000.jpg','minimalworks', 23);

insert into product(product_id,product_name,price,product_info,stock,product_img,product_img_stored,seller_id,category_no)
values(product_seq.nextval,'코트 앤드 그레이', 240000,'3.3kg의 경량으로 코듀라 원단을 사용하였으며, 간단히 밀어 넣고 당겨 빼는 동작만으로 빠른 높낮이 변환이 가능.', 50,'http://camp18.cafe24.com/web/product/main/MINIMALWORKS/C5W4130Y4_1000.jpg','http://camp18.cafe24.com/web/product/main/MINIMALWORKS/C5W4130Y4_1000.jpg','minimalworks', 30);

insert into product(product_id,product_name,price,product_info,stock,product_img,product_img_stored,seller_id,category_no)
values(product_seq.nextval,'파워스토브W', 240000,'6,033kcal의 고화력/ 넓고 안정적인 화구에서 나오는 놀라운 화력은 아웃도어 쿠킹의 즐거움을 더합니다.', 50,'http://camp18.cafe24.com/web/product/main/MINIMALWORKS/CDW410100_1000.jpg','http://camp18.cafe24.com/web/product/main/MINIMALWORKS/CDW410100_1000.jpg','minimalworks', 44);

insert into product(product_id,product_name,price,product_info,stock,product_img,product_img_stored,seller_id,category_no)
values(product_seq.nextval,'모카 쉘프 월넛', 240000,'설치가 쉽고 색과 결이 고급스럽고 윤이나며 습기나 휨에 강하고 조직이 치밀한 고급 월넛 우드를 사용.', 50,'http://camp18.cafe24.com/web/product/main/MINIMALWORKS/C5W411000_1000.jpg','http://camp18.cafe24.com/web/product/main/MINIMALWORKS/C5W411000_1000.jpg','minimalworks', 31);

insert into product(product_id,product_name,price,product_info,stock,product_img,product_img_stored,seller_id,category_no)
values(product_seq.nextval,'잭 쉘터 플러스 전용 이너텐트 메쉬', 190000,'잭 쉘터 플러스 전용 이너텐트 메쉬', 50,'http://camp18.cafe24.com/web/product/main/MINIMALWORKS/C1W412700_1000.jpg','http://camp18.cafe24.com/web/product/main/MINIMALWORKS/C1W412700_1000.jpg','minimalworks', 8);

insert into product(product_id,product_name,price,product_info,stock,product_img,product_img_stored,seller_id,category_no)
values(product_seq.nextval,'알루미늄 컨테이너 D80', 169000,'가볍고 튼튼한 특성을 지닌 최고급 알루미늄 소재로 만든 수납박스.', 50,'http://camp18.cafe24.com/web/product/main/MINIMALWORKS/CNW410400_1000.jpg','http://camp18.cafe24.com/web/product/main/MINIMALWORKS/CNW410400_1000.jpg','minimalworks', 66);

insert into product(product_id,product_name,price,product_info,stock,product_img,product_img_stored,seller_id,category_no)
values(product_seq.nextval,'울타리 ULTARI 탄', 165000,'휴대성이 좋으며 설치가 쉬어 어느 곳에서든 아늑하고 프라이빗한 공간을 만들 수 있습니다.', 50,'http://camp18.cafe24.com/web/product/main/MINIMALWORKS/COW4113TA_1000.jpg','http://camp18.cafe24.com/web/product/main/MINIMALWORKS/COW4113TA_1000.jpg','minimalworks', 10);

insert into product(product_id,product_name,price,product_info,stock,product_img,product_img_stored,seller_id,category_no)
values(product_seq.nextval,'티타늄 드리퍼 세트', 158000,'아웃도어에서도 간편하게 드립 커피를 즐길 수 있도록 필요한 품목들로만 구성된 드리퍼세트입니다.', 50,'http://camp18.cafe24.com/web/product/main/MINIMALWORKS/C9W411300_1000.jpg','http://camp18.cafe24.com/web/product/main/MINIMALWORKS/C9W411300_1000.jpg','minimalworks', 41);

insert into product(product_id,product_name,price,product_info,stock,product_img,product_img_stored,seller_id,category_no)
values(product_seq.nextval,'불칸 L', 158000,'접이식 화로대로 휴대가 용이하고 사용이 편리하며 3개의 다리는 길이조절이 가능합니다.', 50,'http://camp18.cafe24.com/web/product/main/MINIMALWORKS/CJW410200_1000.jpg','http://camp18.cafe24.com/web/product/main/MINIMALWORKS/CJW410200_1000.jpg','minimalworks', 60);

insert into product(product_id,product_name,price,product_info,stock,product_img,product_img_stored,seller_id,category_no)
values(product_seq.nextval,'모카 롤 테이블 프리미엄', 148000,'에쉬 우드/ 접이 프레임으로 부피와 무게를 획기적으로 줄였으며, 빠른 설치와 해체가 가능합니다.', 50,'http://camp18.cafe24.com/web/product/main/MINIMALWORKS/C5W410800_1000.jpg','http://camp18.cafe24.com/web/product/main/MINIMALWORKS/C5W410800_1000.jpg','minimalworks', 27);

-- montbell 몽벨
insert into product(product_id,product_name,price,product_info,stock,product_img,product_img_stored,seller_id,category_no)
values(product_seq.nextval, '스텔라릿지 텐트 4 화이트', 459000, 'Light&Fast를 구현하는 산악용 텐트, 뛰어난 경량성과 컴펙트성 강도를 겸비, 매다는 식의 구조로 빠른 설치 가능', 45, 'http://camp18.cafe24.com/web/product/main/MONTBELL/C15D103WH_1000.jpg', 'http://camp18.cafe24.com/web/product/main/MONTBELL/C15D103WH_1000.jpg', 'montbell', 5);

insert into product(product_id,product_name,price,product_info,stock,product_img,product_img_stored,seller_id,category_no)
values(product_seq.nextval, '스텔라릿지 텐트 3 화이트', 409000, 'Light&Fast를 구현하는 산악용 텐트, 뛰어난 경량성과 컴펙트성 강도를 겸비, 매다는 식의 구조로 빠른 설치 가능', 50, 'http://camp18.cafe24.com/web/product/main/MONTBELL/C15D102WH_1000.jpg', 'http://camp18.cafe24.com/web/product/main/MONTBELL/C15D102WH_1000.jpg', 'montbell', 5);

insert into product(product_id,product_name,price,product_info,stock,product_img,product_img_stored,seller_id,category_no)
values(product_seq.nextval, '심리스 다운허거 800 #3(L/ZIP) 레드오렌지', 399000, '배플이 없는 구조를 사용해 최첨단 오지 성능을 구현하는 초경량, 최첨단 침낭으로 내부는 주름진 퀼트와 신축성있는 스티칭으로 환상적인 편암함을 선사합니다.', 90, 'http://camp18.cafe24.com/web/product/main/MONTBELL/C35D101OR_1000.jpg', 'http://camp18.cafe24.com/web/product/main/MONTBELL/C35D101OR_1000.jpg', 'montbell', 14);

insert into product(product_id,product_name,price,product_info,stock,product_img,product_img_stored,seller_id,category_no)
values(product_seq.nextval, '심리스 다운허거 800 #5(L/ZIP) 블루', 359000, '고품질 800FP EX 다운에 발수 가공을 한 초경량 쉘 원단을 조합한경량 침낭으로 여름 종수나 캠프 시에 적합한 모델입니다.', 110, 'http://camp18.cafe24.com/web/product/main/MONTBELL/C35D103BU_1000.jpg', 'http://camp18.cafe24.com/web/product/main/MONTBELL/C35D103BU_1000.jpg', 'montbell', 14);

insert into product(product_id,product_name,price,product_info,stock,product_img,product_img_stored,seller_id,category_no)
values(product_seq.nextval, '심리스 다운허거 800 #7(L/ZIP) 퍼플', 339000, '고품질 800FP EX 다운에 발수 가공을 한 초경량 쉘 원단을 조합 한 경량 침낭.', 80, 'http://camp18.cafe24.com/web/product/main/MONTBELL/C35D105PU_1000.jpg', 'http://camp18.cafe24.com/web/product/main/MONTBELL/C35D105PU_1000.jpg', 'montbell', 14);

insert into product(product_id,product_name,price,product_info,stock,product_img,product_img_stored,seller_id,category_no)
values(product_seq.nextval, 'L.W. 타프 와이드 다크그린', 279000, '넓은 직사각형 방수포. 가벼움과 내구성을 겸비한 신개발 나일론 소재. 신축성이 있고 물을 흡수하는 데 저항력이 있어 직물이 팽팽한 상태를 유지하고 습기로 인해 처지지 않습니다.', 120, 'http://camp18.cafe24.com/web/product/main/MONTBELL/C25D102GR_1000.jpg', 'http://camp18.cafe24.com/web/product/main/MONTBELL/C25D102GR_1000.jpg', 'montbell', 9);

insert into product(product_id,product_name,price,product_info,stock,product_img,product_img_stored,seller_id,category_no)
values(product_seq.nextval, 'L.W. 타프 와이드 옐로우', 279000, '넓은 직사각형 방수포. 가벼움과 내구성을 겸비한 신개발 나일론 소재. 신축성이 있고 물을 흡수하는 데 저항력이 있어 직물이 팽팽한 상태를 유지하고 습기로 인해 처지지 않습니다.', 90, 'http://camp18.cafe24.com/web/product/main/MONTBELL/C25D101YE_1000.jpg', 'http://camp18.cafe24.com/web/product/main/MONTBELL/C25D101YE_1000.jpg', 'montbell', 9);

insert into product(product_id,product_name,price,product_info,stock,product_img,product_img_stored,seller_id,category_no)
values(product_seq.nextval, '스텔라릿지 텐트 플라이 4 옐로우', 209000, '비, 바람, 눈을 막아내는 익스페디션에 대응하는 모델부터, 여럿이 즐거운 한때를 함께하는 레크레이션에 최적인 모델까지! 스텔라릿지 텐트용 플라이시트로 새롭게 개발된 소재를 사용하여 세계 최고 수준의 가벼움과 강성을 달셩하였으며, 본체와의 클리어런스를 확보하여 레인플라이 뒷면에 발생하는 결로 침수를 방지합니다.', 70, 'http://camp18.cafe24.com/web/product/main/MONTBELL/C15D111YE_1000.jpg', 'http://camp18.cafe24.com/web/product/main/MONTBELL/C15D111YE_1000.jpg', 'montbell', 9);

insert into product(product_id,product_name,price,product_info,stock,product_img,product_img_stored,seller_id,category_no)
values(product_seq.nextval, '폴딩 파이어핏', 209000, '쉽게 접어서 들고 다닐 수있는 모닥불. 독특한 이중 / 깊이 구조로 높은 연소 효율을 달성합니다.', 140, 'http://camp18.cafe24.com/web/product/main/MONTBELL/C85D101SI_1000.jpg', 'http://camp18.cafe24.com/web/product/main/MONTBELL/C85D101SI_1000.jpg', 'montbell', 56);

insert into product(product_id,product_name,price,product_info,stock,product_img,product_img_stored,seller_id,category_no)
values(product_seq.nextval, '알파인 쿠커 18+20 팬 세트', 99000, '가볍고 빠르게 조리 할 수있는 알루미늄 쿠커. 조리가 쉽고 조리가 쉽고 빠른 조리가 가능한 넓은 입 타입. 이 유형에는 "알파인 쿠커 18"및 "알파인 쿠커 20"세트의 "알파인 프라이팬 20"이 포함', 340, 'http://camp18.cafe24.com/web/product/main/MONTBELL/C85D105SI_1000.jpg', 'http://camp18.cafe24.com/web/product/main/MONTBELL/C85D105SI_1000.jpg', 'montbell', 35);

insert into product(product_id,product_name,price,product_info,stock,product_img,product_img_stored,seller_id,category_no)
values(product_seq.nextval, '그라운드 시트 4', 79000, '고강도 및 내수압 성을 가진 경량 연마 시트입니다. 기둥과 플라이 시트 만 사용하여 독립형 방수포처럼 사용할 수도 있습니다. "Stella Ridge Tent Type 4"용 접지 시트.', 500, 'http://camp18.cafe24.com/web/product/main/MONTBELL/C45D110Y4_1000.jpg', 'http://camp18.cafe24.com/web/product/main/MONTBELL/C45D110Y4_1000.jpg', 'montbell', 10);

insert into product(product_id,product_name,price,product_info,stock,product_img,product_img_stored,seller_id,category_no)
values(product_seq.nextval, '그라운드 시트 3', 69000, '고강도 및 내수압 성을 가진 경량 연마 시트입니다. 기둥과 플라이 시트 만 사용하여 독립형 방수포처럼 사용할 수도 있습니다. "Stella Ridge Tent Type 3"용 접지 시트.', 300, 'http://camp18.cafe24.com/web/product/main/MONTBELL/C45D109Y4_1000.jpg', 'http://camp18.cafe24.com/web/product/main/MONTBELL/C45D109Y4_1000.jpg', 'montbell', 10);

insert into product(product_id,product_name,price,product_info,stock,product_img,product_img_stored,seller_id,category_no)
values(product_seq.nextval, '알루미늄 타프 폴 280', 69000, '가볍고 튼튼한 알루미늄 타프 폴', 400, 'http://camp18.cafe24.com/web/product/main/MONTBELL/C45D101SI_1000.jpg', 'http://camp18.cafe24.com/web/product/main/MONTBELL/C45D101SI_1000.jpg', 'montbell', 12);

insert into product(product_id,product_name,price,product_info,stock,product_img,product_img_stored,seller_id,category_no)
values(product_seq.nextval, '알루미늄 타프 폴 240', 59000, '가볍고 튼튼한 알루미늄 타프 폴', 200, 'http://camp18.cafe24.com/web/product/main/MONTBELL/C45D102SI_1000.jpg', 'http://camp18.cafe24.com/web/product/main/MONTBELL/C45D102SI_1000.jpg', 'montbell', 12);

insert into product(product_id,product_name,price,product_info,stock,product_img,product_img_stored,seller_id,category_no)
values(product_seq.nextval, '쇽리스 해머', 49000, '팔을 지치게하지 않고 힘에 자신이없는 사람도 단단히 맞을 수있는 망치입니다. 헤드에 내장 된 작은 강철 볼이 충격을 흡수하여 페그에 힘을 효율적으로 전달하고 팔의 부담을 줄입니다.', 500, 'http://camp18.cafe24.com/web/product/main/MONTBELL/C45D112BK_1000.jpg', 'http://camp18.cafe24.com/web/product/main/MONTBELL/C45D112BK_1000.jpg', 'montbell', 13);

insert into product(product_id,product_name,price,product_info,stock,product_img,product_img_stored,seller_id,category_no)
values(product_seq.nextval, '라이트 트레일 체어 33 잉크블루', 39000, '컴팩트하게 수납 할 수있는 초경량 의자입니다. 큰 사람도 앉기 쉬운 사이즈입니다. 조립이 간편하여 캠핑부터 등산까지 폭넓게 사용할 수 있습니다', 200, 'http://camp18.cafe24.com/web/product/main/MONTBELL/C55D104BU_1000.jpg', 'http://camp18.cafe24.com/web/product/main/MONTBELL/C55D104BU_1000.jpg', 'montbell', 24);

insert into product(product_id,product_name,price,product_info,stock,product_img,product_img_stored,seller_id,category_no)
values(product_seq.nextval, '라이트 트레일 체어 33 블랙', 39000, '컴팩트하게 수납 할 수있는 초경량 의자입니다. 큰 사람도 앉기 쉬운 사이즈입니다. 조립이 간편하여 캠핑부터 등산까지 폭넓게 사용할 수 있습니다', 200, 'http://camp18.cafe24.com/web/product/main/MONTBELL/C55D103BK_1000.jpg', 'http://camp18.cafe24.com/web/product/main/MONTBELL/C55D103BK_1000.jpg', 'montbell', 24);

insert into product(product_id,product_name,price,product_info,stock,product_img,product_img_stored,seller_id,category_no)
values(product_seq.nextval, '라이트 트레일 체어 26 잉크블루', 39000, '컴팩트하게 수납 할 수있는 초경량 의자입니다. 큰 사람도 앉기 쉬운 사이즈입니다. 조립이 간편하여 캠핑부터 등산까지 폭넓게 사용할 수 있습니다', 150, 'http://camp18.cafe24.com/web/product/main/MONTBELL/C55D102BU_1000.jpg', 'http://camp18.cafe24.com/web/product/main/MONTBELL/C55D102BU_1000.jpg', 'montbell', 24);

insert into product(product_id,product_name,price,product_info,stock,product_img,product_img_stored,seller_id,category_no)
values(product_seq.nextval, '라이트 트레일 체어 26 블랙', 39000, '컴팩트하게 수납 할 수있는 초경량 의자입니다. 큰 사람도 앉기 쉬운 사이즈입니다. 조립이 간편하여 캠핑부터 등산까지 폭넓게 사용할 수 있습니다', 140, 'http://camp18.cafe24.com/web/product/main/MONTBELL/C55D101BK_1000.jpg', 'http://camp18.cafe24.com/web/product/main/MONTBELL/C55D101BK_1000.jpg', 'montbell', 24);

insert into product(product_id,product_name,price,product_info,stock,product_img,product_img_stored,seller_id,category_no)
values(product_seq.nextval, '알파인 쿠커 딥 11+13 세트', 49000, '가볍고 빠르게 조리할 수 있는 알루미늄 쿠커. 냄비나 식기로도 사용할 수 있는 뚜껑이 있는 깊은 바닥 타입. 보관이 용이하며 Deep "11"은 250개 크기의 가스 카트리지와 소형 스토브를 보관 가능. "알파인 쿠커 딥 11"과 "알파인 쿠커 딥 13"이 세트에 포함', 300, 'http://camp18.cafe24.com/web/product/main/MONTBELL/C85D106SI_1000.jpg', 'http://camp18.cafe24.com/web/product/main/MONTBELL/C85D106SI_1000.jpg', 'montbell', 35);

insert into product(product_id,product_name,price,product_info,stock,product_img,product_img_stored,seller_id,category_no)
values(product_seq.nextval, '알파인 프라이팬 18', 31900, '가볍고 빠르게 조리할 수 있는 알루미늄 쿠커.', 200, 'http://camp18.cafe24.com/web/product/main/MONTBELL/C85D108Y4_1000.jpg', 'http://camp18.cafe24.com/web/product/main/MONTBELL/C85D108Y4_1000.jpg', 'montbell', 35);

insert into product(product_id,product_name,price,product_info,stock,product_img,product_img_stored,seller_id,category_no)
values(product_seq.nextval, '알파인 프라이팬 16', 29900, '가볍고 빠르게 조리할 수 있는 알루미늄 쿠커.', 170, 'http://camp18.cafe24.com/web/product/main/MONTBELL/C85D107Y4_1000.jpg', 'http://camp18.cafe24.com/web/product/main/MONTBELL/C85D107Y4_1000.jpg', 'montbell', 35);

insert into product(product_id,product_name,price,product_info,stock,product_img,product_img_stored,seller_id,category_no)
values(product_seq.nextval, '알루미늄 타프 폴 120', 29000, '가볍고 튼튼한 알루미늄 타프 폴. Big Tarp HX의 생활 공간을 확장하는 데 사용됩니다', 200, 'http://camp18.cafe24.com/web/product/main/MONTBELL/C45D106SI_1000.jpg', 'http://camp18.cafe24.com/web/product/main/MONTBELL/C45D106SI_1000.jpg', 'montbell', 12);

insert into product(product_id,product_name,price,product_info,stock,product_img,product_img_stored,seller_id,category_no)
values(product_seq.nextval, '알루미늄 미니 타프 폴 165', 29000, '가볍고 튼튼한 알루미늄 타프 폴', 400, 'http://camp18.cafe24.com/web/product/main/MONTBELL/C45D105SI_1000.jpg', 'http://camp18.cafe24.com/web/product/main/MONTBELL/C45D105SI_1000.jpg', 'montbell', 12);

insert into product(product_id,product_name,price,product_info,stock,product_img,product_img_stored,seller_id,category_no)
values(product_seq.nextval, '폴딩 파이어핏 쿠커 스탠드', 29000, '더치 오븐을 장착하기 위해 "접이식 화덕"에 부착 할 수있는 전용 삼발이입니다. * 접이식 화덕은 포함되어 있지 않습니다.', 70, 'http://camp18.cafe24.com/web/product/main/MONTBELL/C85D102SI_1000.jpg', 'http://camp18.cafe24.com/web/product/main/MONTBELL/C85D102SI_1000.jpg', 'montbell',62 );

insert into product(product_id,product_name,price,product_info,stock,product_img,product_img_stored,seller_id,category_no)
values(product_seq.nextval, '알파인 주전자 0.9L', 29000, '매우 가볍고 열전도율이 뛰어난 알루미늄 주전자. "알파인 쿠커 16"에 딱 맞는 크기.', 200, 'http://camp18.cafe24.com/web/product/main/MONTBELL/C95D121Y4_1000.jpg', 'http://camp18.cafe24.com/web/product/main/MONTBELL/C95D121Y4_1000.jpg', 'montbell', 36);

insert into product(product_id,product_name,price,product_info,stock,product_img,product_img_stored,seller_id,category_no)
values(product_seq.nextval, '알파인 주전자 0.6L', 29000, '가볍고 열전도율이 뛰어난 알루미늄 주전자. "알파인 쿠커 16"에 딱 맞는 크기', 340, 'http://camp18.cafe24.com/web/product/main/MONTBELL/C95D120Y4_1000.jpg', 'http://camp18.cafe24.com/web/product/main/MONTBELL/C95D120Y4_1000.jpg', 'montbell', 36);

insert into product(product_id,product_name,price,product_info,stock,product_img,product_img_stored,seller_id,category_no)
values(product_seq.nextval, '티타늄 시에라 컵 420', 29000, '스테인리스 강보다 강하고 알루미늄보다 가볍고 내구성과 내식성이 우수한 티타늄 조리기구', 600, 'http://camp18.cafe24.com/web/product/main/MONTBELL/C95D103SI_1000.jpg', 'http://camp18.cafe24.com/web/product/main/MONTBELL/C95D103SI_1000.jpg', 'montbell', 34);

insert into product(product_id,product_name,price,product_info,stock,product_img,product_img_stored,seller_id,category_no)
values(product_seq.nextval, '스테인레스 써모 컵 250', 23900, '스테인레스 컵', 60, 'http://camp18.cafe24.com/web/product/main/MONTBELL/C95D123Y4_1000.jpg', 'http://camp18.cafe24.com/web/product/main/MONTBELL/C95D123Y4_1000.jpg', 'montbell', 34);

insert into product(product_id,product_name,price,product_info,stock,product_img,product_img_stored,seller_id,category_no)
values(product_seq.nextval,'티타늄 시에라 컵 300', 19900,'스테인리스 강보다 강하고 알루미늄보다 가볍고 내구성과 내식성이 우수한 티타늄 조리기구', 460,'http://camp18.cafe24.com/web/product/main/MONTBELL/C95D102SI_1000.jpg','http://camp18.cafe24.com/web/product/main/MONTBELL/C95D102SI_1000.jpg','montbell', 34);

insert into product(product_id,product_name,price,product_info,stock,product_img,product_img_stored,seller_id,category_no)
values(product_seq.nextval,'스테인레스 써모 머그 310', 19000,'보온 효과가 높은 진공 2층 구조와 열전달을 억제하는 반사 처리로 뛰어난 보온, 보냉 효과를 실현한 텀블러입니다. 내구성과 내식성이 우수한 스테인리스 강을 사용합니다.', 300,'http://camp18.cafe24.com/web/product/main/MONTBELL/C95D101SI_1000.jpg','http://camp18.cafe24.com/web/product/main/MONTBELL/C95D101SI_1000.jpg','montbell', 34);

insert into product(product_id,product_name,price,product_info,stock,product_img,product_img_stored,seller_id,category_no)
values(product_seq.nextval,'스테인레스 컵 390', 9900,'스테인레스 컵', 200,'http://camp18.cafe24.com/web/product/main/MONTBELL/C95D119SI_1000.jpg','http://camp18.cafe24.com/web/product/main/MONTBELL/C95D119SI_1000.jpg','montbell', 34);

insert into product(product_id,product_name,price,product_info,stock,product_img,product_img_stored,seller_id,category_no)
values(product_seq.nextval,'스테인레스 팩 30', 5900,'강도가 높고 긁어도 쉽게 녹슬지 않는 스테인리스 스틸 페그입니다.', 400,'http://camp18.cafe24.com/web/product/main/MONTBELL/C45D111SI_1000.jpg','http://camp18.cafe24.com/web/product/main/MONTBELL/C45D111SI_1000.jpg','montbell', 12);

insert into product(product_id,product_name,price,product_info,stock,product_img,product_img_stored,seller_id,category_no)
values(product_seq.nextval,'알루미늄 핀 팩', 1990,'알루미늄 핀 팩', 400,'http://camp18.cafe24.com/web/product/main/MONTBELL/C45D104SI_1000.jpg','http://camp18.cafe24.com/web/product/main/MONTBELL/C45D104SI_1000.jpg','montbell', 12);

commit